cik,name,featured
1067983,Berkshire Hathaway (Warren Buffett),1
1649339,Scion Asset Management (Michael Burry),1
1336528,Pershing Square (Bill Ackman),1
1350694,Bridgewater Associates (Ray Dalio),1
1656456,Appaloosa (David Tepper),1
1037389,Renaissance Technologies,1
1423053,Citadel Advisors (Ken Griffin),1
1167483,Tiger Global Management,1
1040273,Third Point (Dan Loeb),1
1079114,Greenlight Capital (David Einhorn),1
1179392,Two Sigma Investments,1
1603466,Point72 Asset Management,1
1135730,Coatue Management,1
1061165,Lone Pine Capital,1
1273087,Millennium Management,1
1595082,DAVIDSON KEMPNER CAPITAL MANAGEMENT LP,0
909661,FARALLON CAPITAL MANAGEMENT LLC,0
1167456,AQR Arbitrage LLC,0
1167557,AQR CAPITAL MANAGEMENT LLC,0
1697748,ARK Investment Management LLC,0
1541617,"Altimeter Capital Management, LP",0
1263508,BAKER BROS. ADVISORS LP,0
1061768,BAUPOST GROUP LLC/MA,0
1910971,Benchmark Investment Advisors LLC,0
1535472,Corvex Management LP,0
1536411,Duquesne Family Office LLC,0
1581811,Egerton Capital (UK) LLP,0
1791786,Elliott Investment Management L.P.,0
1138995,"GLENVIEW CAPITAL MANAGEMENT, LLC",0
1540944,"GREATMARK INVESTMENT PARTNERS, INC.",0
1510387,"Gotham Asset Management, LLC",0
1709323,Himalaya Capital Management LLC,0
1353316,"Hound Partners, LLC",0
921669,ICAHN CARL C,0
1998597,"JANA Partners Management, LP",0
2023551,"LANDMARK INVESTMENT PARTNERS, L.P.",0
1608485,LANSDOWNE PARTNERS (UK) LLP,0
1569049,"LIGHT STREET CAPITAL MANAGEMENT, LLC",0
1318757,"MARSHALL WACE, LLP",0
934639,MAVERICK CAPITAL LTD,0
2097025,"Millennium Capital Advisors, LLC",0
1277890,NANO CAP NEW MILLENNIUM GROWTH FUND L P,0
1035674,PAULSON & CO. INC.,0
1425851,Pentwater Capital Management LP,0
1954961,"Point72 Private Investments, LLC",0
1029160,SOROS FUND MANAGEMENT LLC,0
1054587,Sculptor Capital LP,0
1328785,"Senvest Management, LLC",0
1554871,Spark Investment Management LLC,0
1517137,Starboard Value LP,0
1345471,"TRIAN FUND MANAGEMENT, L.P.",0
1478735,"TWO SIGMA ADVISERS, LP",0
1974457,"TrueMark Investments, LLC",0
1595862,"Truffle Hound Capital, LLC",0
1103804,VIKING GLOBAL INVESTORS LP,0
1418814,"ValueAct Holdings, L.P.",0
1745981,WORLDQUANT MILLENNIUM ADVISORS LLC,0
1387322,Whale Rock Capital Management LLC,0
2230,"ADAMS DIVERSIFIED EQUITY FUND, INC.",0
3520,"FRED ALGER MANAGEMENT, LLC",0
24386,COOKE & BIELER LP,0
51812,STONEBRIDGE CAPITAL MANAGEMENT INC,0
52024,INVESTMENT MANAGEMENT ASSOCIATES INC /ADV,0
62039,MANNING & NAPIER ADVISORS LLC,0
89014,SENTRY INVESTMENT MANAGEMENT LLC,0
98758,TORRAY INVESTMENT PARTNERS LLC,0
107136,&PARTNERS,0
201772,ESSEX INVESTMENT MANAGEMENT CO LLC,0
216851,"ADAMS NATURAL RESOURCES FUND, INC.",0
225816,ROWLANDMILLER & PARTNERS.ADV,0
310051,KING LUTHER CAPITAL MANAGEMENT CORP,0
312348,LOOMIS SAYLES & CO L P,0
320376,MCRAE CAPITAL MANAGEMENT INC,0
351173,FRONTIER CAPITAL MANAGEMENT CO LLC,0
700529,"ATALANTA SOSNOFF CAPITAL, LLC",0
702007,"CALDWELL SUTTER CAPITAL, INC.",0
709089,TOWNSEND ASSET MANAGEMENT CORP /NC/ /ADV,0
709428,COZAD ASSET MANAGEMENT INC,0
711987,SOUTHERN CAPITAL SERVICES INC /ADV,0
716851,MONEY CONCEPTS CAPITAL CORP,0
729563,"GILL CAPITAL PARTNERS, LLC",0
733020,"ARS Investment Partners, LLC",0
740272,HUDSON EDGE INVESTMENT PARTNERS INC.,0
749044,RESOURCES MANAGEMENT CORP /CT/ /ADV,0
749763,COMPASS CAPITAL CORP /MA/ /ADV,0
754811,U S GLOBAL INVESTORS INC,0
763212,PRIMECAP MANAGEMENT CO/CA/,0
764529,PEREGRINE CAPITAL MANAGEMENT LLC,0
764532,FIDUCIARY MANAGEMENT INC /WI/,0
765443,DUFF & PHELPS INVESTMENT MANAGEMENT CO,0
767684,DELPHI MANAGEMENT INC /MA/,0
769954,ACCOUNT MANAGEMENT LLC,0
771118,WOODARD & CO ASSET MANAGEMENT GROUP INC /ADV,0
778963,AUGUSTINE ASSET MANAGEMENT INC,0
789307,INVESTMENT MANAGEMENT CORP /VA/ /ADV,0
791490,"CARRET ASSET MANAGEMENT, LLC",0
799004,BECKER CAPITAL MANAGEMENT INC,0
806097,MERIDIAN MANAGEMENT CO,0
807985,SOUTHEASTERN ASSET MANAGEMENT INC/TN/,0
809443,MEEDER ASSET MANAGEMENT INC,0
811360,"Capital Investment Services of America, Inc.",0
811454,WESTPORT ASSET MANAGEMENT INC,0
813917,HARRIS ASSOCIATES L P,0
813933,ANCHOR CAPITAL ADVISORS LLC,0
814133,WASATCH ADVISORS LP,0
816788,TANAKA CAPITAL MANAGEMENT INC,0
819535,"Cornerstone Capital, Inc.",0
820124,SOUND SHORE MANAGEMENT INC /CT/,0
825217,"WHITENER CAPITAL MANAGEMENT, INC.",0
825293,CAPITAL MANAGEMENT ASSOCIATES /NY/,0
826000,POTOMAC FUND MANAGEMENT INC /ADV,0
826794,CAMPBELL CAPITAL MANAGEMENT INC,0
830588,SUMMIT PARTNERS L P,0
842766,ADVISORS MANAGEMENT GROUP INC /ADV,0
842775,"Clearstead Advisors, LLC",0
846600,"BANYAN CAPITAL MANAGEMENT, INC.",0
846633,"STRATEGIC INVESTMENT MANAGEMENT, LLC",0
850529,"Fisher Asset Management, LLC",0
850601,FELL CAPITAL MANAGEMENT /ADV,0
853758,MERCER GLOBAL ADVISORS INC /ADV,0
859804,WEDGEWOOD PARTNERS INC,0
859872,KLINGENSTEIN FIELDS & CO LP,0
860176,MARK ASSET MANAGEMENT LP,0
860486,"HIGHLAND CAPITAL MANAGEMENT, LLC",0
860561,EDGEWOOD MANAGEMENT LLC,0
860644,"Aristotle Capital Management, LLC",0
860828,CAPITAL ADVISORS INC/OK,0
860857,DELTA ASSET MANAGEMENT LLC/TN,0
863748,ROYAL LONDON ASSET MANAGEMENT LTD,0
867926,INVESTORS ASSET MANAGEMENT OF GEORGIA INC /GA/ /ADV,0
869304,NORTHSTAR ASSET MANAGEMENT INC,0
869353,"FERGUSON WELLMAN CAPITAL MANAGEMENT, INC",0
869589,NISSAY ASSET MANAGEMENT CORP /JAPAN,0
872162,BLACKHILL CAPITAL INC,0
872359,LINCOLN CAPITAL CORP,0
873759,TANDEM CAPITAL MANAGEMENT CORP /ADV,0
874791,CAMPBELL NEWMAN ASSET MANAGEMENT INC,0
877338,WS MANAGEMENT LLLP,0
883677,PANAGORA ASSET MANAGEMENT INC,0
883803,"GRIFFIN ASSET MANAGEMENT, INC.",0
883961,TOCQUEVILLE ASSET MANAGEMENT L.P.,0
883965,"WEITZ INVESTMENT MANAGEMENT, INC.",0
884300,PERKINS CAPITAL MANAGEMENT INC,0
884414,"JACOBS LEVY EQUITY MANAGEMENT, INC",0
884541,"TRILLIUM ASSET MANAGEMENT, LLC",0
884566,FENIMORE ASSET MANAGEMENT INC,0
884589,KENNEDY CAPITAL MANAGEMENT LLC,0
885062,BROWN CAPITAL MANAGEMENT LLC,0
885415,"FOLGER NOLAN FLEMING DOUGLAS CAPITAL MANAGEMENT, INC",0
887762,"BARINGTON COMPANIES MANAGEMENT, LLC",0
893738,DELTA CAPITAL MANAGEMENT LLC,0
894119,Anchor Capital Management Group Inc,0
895213,"Capital International, Inc./CA/",0
897070,ASHFORD CAPITAL MANAGEMENT INC,0
897378,CONGRESS ASSET MANAGEMENT CO,0
897599,LOCKHEED MARTIN INVESTMENT MANAGEMENT CO,0
898358,KORNITZER CAPITAL MANAGEMENT INC /KS,0
900169,SPEECE THORSON CAPITAL GROUP INC,0
900529,ARDSLEY ADVISORY PARTNERS LP,0
900973,"Winslow Capital Management, LLC",0
900974,"Wilmington Savings Fund Society, FSB",0
902219,WELLINGTON MANAGEMENT GROUP LLP,0
903944,CAMDEN ASSET MANAGEMENT L P /CA,0
904793,SANTA MONICA PARTNERS LP,0
905567,YACKTMAN ASSET MANAGEMENT LP,0
905790,Onex Canada Asset Management Inc.,0
906304,ROYCE & ASSOCIATES LP,0
906396,MOSELEY INVESTMENT MANAGEMENT INC,0
908758,"American Beacon Advisors, Inc.",0
911270,GLYNN CAPITAL MANAGEMENT LLC,0
911274,"BEESE FULMER INVESTMENT MANAGEMENT, INC.",0
914973,HANOVER ADVISORS INC,0
916542,ACADIAN ASSET MANAGEMENT LLC,0
917579,KESTREL INVESTMENT MANAGEMENT CORP,0
918504,BIRMINGHAM CAPITAL MANAGEMENT CO INC/AL,0
919185,HIGHBRIDGE CAPITAL MANAGEMENT LLC,0
919538,CORBYN INVESTMENT MANAGEMENT INC/MD,0
921531,GLOBEFLEX CAPITAL L P,0
921739,NOMURA ASSET MANAGEMENT INTERNATIONAL INC.,0
922372,DIVERSIFIED MANAGEMENT INC,0
922439,HARTFORD INVESTMENT MANAGEMENT CO,0
923116,GROESBECK INVESTMENT MANAGEMENT CORP /NJ/,0
924181,"LEAVELL INVESTMENT MANAGEMENT, INC.",0
926833,WISCONSIN CAPITAL MANAGEMENT LLC,0
926834,AVITY INVESTMENT MANAGEMENT INC.,0
928196,HARDING LOEVNER LP,0
928400,ELKHORN PARTNERS LIMITED PARTNERSHIP,0
928566,"WASHINGTON CAPITAL MANAGEMENT, INC",0
928568,GUYASUTA INVESTMENT ADVISORS INC,0
932024,SKBA CAPITAL MANAGEMENT LLC,0
932974,LORING WOLCOTT & COOLIDGE FIDUCIARY ADVISORS LLP/MA,0
934745,WEATHERLY ASSET MANAGEMENT L. P.,0
936936,DOHENY ASSET MANAGEMENT /CA,0
936941,MOODY ALDRICH PARTNERS LLC,0
936944,MARTINGALE ASSET MANAGEMENT L P,0
937394,HEARTLAND ADVISORS INC,0
937522,SCHWERIN BOYLE CAPITAL MANAGEMENT INC,0
937589,HERITAGE INVESTORS MANAGEMENT CORP,0
937615,"NISA INVESTMENT ADVISORS, LLC",0
937886,OBERWEIS ASSET MANAGEMENT INC/,0
938077,"DOLIVER ADVISORS, LP",0
938206,DRIEHAUS CAPITAL MANAGEMENT LLC,0
938487,SSI INVESTMENT MANAGEMENT LLC,0
938552,Equinox Partners Investment Management LLC,0
938759,MONARCH CAPITAL MANAGEMENT INC,0
939334,RIT CAPITAL PARTNERS PLC,0
941560,GARDNER LEWIS ASSET MANAGEMENT L P,0
943442,"Orange Investment Advisors, Inc.",0
944388,1832 Asset Management L.P.,0
944733,HUTNER CAPITAL MANAGEMENT INC,0
945631,EAGLE CAPITAL MANAGEMENT LLC,0
947484,ARCH CAPITAL GROUP LTD.,0
947996,"Olstein Capital Management, L.P.",0
949012,BERKSHIRE ASSET MANAGEMENT LLC/PA,0
949509,OAKTREE CAPITAL MANAGEMENT LP,0
949615,KAYNE ANDERSON CAPITAL ADVISORS LP,0
949853,P.A.W. CAPITAL CORP,0
1000097,"KINGDON CAPITAL MANAGEMENT, L.L.C.",0
1000742,SANDLER CAPITAL MANAGEMENT,0
1002152,"COMPASS CAPITAL MANAGEMENT, INC",0
1002784,SHELTON CAPITAL MANAGEMENT,0
1003518,AGF MANAGEMENT LTD,0
1004140,PENNSYLVANIA CAPITAL MANAGEMENT INC /ADV,0
1004244,NEW ENGLAND ASSET MANAGEMENT INC,0
1005186,RHODES INVESTMENT ADVISORS INC /ADV,0
1005441,"Avantax Planning Partners, Inc.",0
1005607,"OSBORNE PARTNERS CAPITAL MANAGEMENT, LLC",0
1006364,Hardman Johnston Global Advisors LLC,0
1007295,BRIDGES INVESTMENT MANAGEMENT INC,0
1007524,OSTERWEIS CAPITAL MANAGEMENT INC,0
1008895,SCHMIDT P J INVESTMENT MANAGEMENT INC,0
1009003,EXCALIBUR MANAGEMENT CORP,0
1009006,"PALISADE CAPITAL MANAGEMENT, LP",0
1009016,FORT WASHINGTON INVESTMENT ADVISORS INC /OH/,0
1009198,STERLING INVESTMENT ADVISORS LLC /ADV,0
1009209,"Sand Hill Global Advisors, LLC",0
1009232,GENEVA CAPITAL MANAGEMENT LLC,0
1009258,"DEERFIELD MANAGEMENT COMPANY, L.P.",0
1009262,"TRAN CAPITAL MANAGEMENT, L.P.",0
1010873,FRANKLIN STREET ADVISORS INC /NC,0
1011443,HBK INVESTMENTS L P,0
1013234,ORLEANS CAPITAL MANAGEMENT CORP/LA,0
1013701,LAWSON KROEKER INVESTMENT MANAGEMENT INC/NE,0
1015079,"BRANDES INVESTMENT PARTNERS, LP",0
1015247,COURIER CAPITAL LLC,0
1015308,WEDGE CAPITAL MANAGEMENT L L P/NC,0
1016287,MATRIX ASSET ADVISORS INC/NY,0
1016972,ARCADIA INVESTMENT MANAGEMENT CORP/MI,0
1018331,"NATIXIS ADVISORS, LLC",0
1018674,PARSONS CAPITAL MANAGEMENT INC/RI,0
1020066,"SANDS CAPITAL MANAGEMENT, LLC",0
1021223,KAYNE ANDERSON RUDNICK INVESTMENT MANAGEMENT LLC,0
1021296,BROOKTREE CAPITAL MANAGEMENT,0
1021642,"VAUGHAN NELSON INVESTMENT MANAGEMENT, L.P.",0
1021926,CIBC Asset Management Inc,0
1026710,"Granahan Investment Management, LLC",0
1027570,ARBOR CAPITAL MANAGEMENT INC /ADV,0
1027694,ALPHA CAPITAL ADVISORS INC /ADV,0
1027796,PZENA INVESTMENT MANAGEMENT LLC,0
1028074,MATTHEWS INTERNATIONAL CAPITAL MANAGEMENT LLC,0
1029311,BANC FUNDS CO LLC,0
1031972,ACADEMY CAPITAL MANAGEMENT,0
1032814,CHECK CAPITAL MANAGEMENT INC/CA,0
1033225,MCDONALD CAPITAL INVESTORS INC/CA,0
1033427,IRIDIAN ASSET MANAGEMENT LLC/CT,0
1033984,CBRE INVESTMENT MANAGEMENT LISTED REAL ASSETS LLC,0
1034524,POLEN CAPITAL MANAGEMENT LLC,0
1034541,TIMUCUAN ASSET MANAGEMENT INC/FL,0
1034549,PARADIGM ASSET MANAGEMENT CO LLC,0
1035350,"SECURIAN ASSET MANAGEMENT, INC",0
1036248,QUEST INVESTMENT MANAGEMENT LLC,0
1037353,"PATHWAY CAPITAL MANAGEMENT, LP",0
1037792,PARADIGM CAPITAL MANAGEMENT INC/NY,0
1039128,"HARBOR CAPITAL ADVISORS, INC.",0
1040188,VICTORY CAPITAL MANAGEMENT INC,0
1040190,"Nippon Life Global Investors Americas, Inc.",0
1040197,MAI Capital Management,0
1040198,P SCHOENFELD ASSET MANAGEMENT LP,0
1040410,"MSA Advisors, LLC",0
1040508,BAIN CAPITAL INVESTORS LLC,0
1040762,MALTESE CAPITAL MANAGEMENT LLC,0
1041283,SPIRIT OF AMERICA MANAGEMENT CORP/NY,0
1041773,DIMENSION CAPITAL MANAGEMENT LLC,0
1042063,WELCH CAPITAL PARTNERS LLC/NY,0
1044797,NEW SOUTH CAPITAL MANAGEMENT INC,0
1044924,SAYBROOK CAPITAL /NC,0
1046187,AEW CAPITAL MANAGEMENT L P,0
1048462,WEXFORD CAPITAL LP,0
1048703,"Karpus Management, Inc.",0
1050068,"INVESTMENT PARTNERS, LTD.",0
1050417,"CONTRARIAN CAPITAL MANAGEMENT, L.L.C.",0
1050463,MORGAN DEMPSEY CAPITAL MANAGEMENT LLC,0
1050464,PECONIC PARTNERS LLC,0
1050470,LSV ASSET MANAGEMENT,0
1050477,SNYDER CAPITAL MANAGEMENT L P,0
1051359,PAR CAPITAL MANAGEMENT INC,0
1053054,LVM CAPITAL MANAGEMENT LTD/MI,0
1053292,DROMS STRAUSS ADVISORS INC /MO/ /ADV,0
1054522,CenturyLink Investment Management Co,0
1055290,APPLETON PARTNERS INC/MA,0
1055951,ORBIMED ADVISORS LLC,0
1055963,Tufton Capital Management,0
1055964,NOMURA ASSET MANAGEMENT CO LTD,0
1055966,MARSICO CAPITAL MANAGEMENT LLC,0
1055980,"Ameritas Investment Partners, Inc.",0
1056516,"Palouse Capital Management, Inc.",0
1056549,"FAIRVIEW CAPITAL INVESTMENT MANAGEMENT, LLC",0
1056559,NORTH STAR ASSET MANAGEMENT INC,0
1056823,HORIZON KINETICS ASSET MANAGEMENT LLC,0
1056825,PRAXIS INVESTMENT MANAGEMENT INC,0
1056831,FAIRHOLME CAPITAL MANAGEMENT LLC,0
1056859,CHILTON CAPITAL MANAGEMENT LLC,0
1056907,GENRE PARTNERS L P,0
1056973,"Carlson Capital, L.P.",0
1058022,SHIKIAR ASSET MANAGEMENT INC,0
1058231,LINCLUDEN MANAGEMENT LTD,0
1058854,CANNELL CAPITAL LLC,0
1059187,TWIN CAPITAL MANAGEMENT INC,0
1061186,"WCM INVESTMENT MANAGEMENT, LLC",0
1063296,"ATLANTIC INVESTMENT MANAGEMENT, INC.",0
1063497,"Pembroke Management, LTD",0
1065349,Capital International Sarl,0
1065350,CAPITAL INTERNATIONAL LTD /CA/,0
1067926,Adelante Capital Management LLC,0
1068804,TOTAL INVESTMENT MANAGEMENT INC,0
1068837,VOYA INVESTMENT MANAGEMENT LLC,0
1068855,"Asset Management One Co., Ltd.",0
1071483,TODD ASSET MANAGEMENT LLC,0
1074034,CANYON CAPITAL ADVISORS LLC,0
1074273,CAPITAL MANAGEMENT CORP /VA,0
1075444,Advanced Asset Management Advisors Inc,0
1076809,"GLAZER CAPITAL, LLC",0
1076964,"Provident Investment Management, Inc.",0
1078013,"GREAT LAKES ADVISORS, LLC",0
1078246,HUTCHINSON CAPITAL MANAGEMENT/CA,0
1078635,WINDWARD CAPITAL MANAGEMENT CO /CA,0
1079112,HOWLAND CAPITAL MANAGEMENT LLC,0
1079397,CHESAPEAKE ASSET MANAGEMENT LLC,0
1079935,SIGNATURE ESTATE & INVESTMENT ADVISORS LLC,0
1080166,AR ASSET MANAGEMENT INC,0
1080171,"ARISTEIA CAPITAL, L.L.C.",0
1080298,"REINHART PARTNERS, LLC.",0
1080351,MITCHELL CAPITAL MANAGEMENT CO,0
1080374,"JAG CAPITAL MANAGEMENT, LLC",0
1080382,EUBEL BRADY & SUTTMAN ASSET MANAGEMENT INC,0
1080493,MARCO INVESTMENT MANAGEMENT LLC,0
1080818,ENTRUST GLOBAL PARTNERS L L C,0
1081198,CYPRESS FUNDS LLC,0
1081407,GABELLI FUNDS LLC,0
1081698,"HEIGHTS CAPITAL MANAGEMENT, INC",0
1082215,NORTHEAST INVESTMENT MANAGEMENT,0
1082327,"FULLER & THALER ASSET MANAGEMENT, INC.",0
1082339,COLDSTREAM CAPITAL MANAGEMENT INC,0
1082491,CONDOR CAPITAL MANAGEMENT,0
1082621,HARVARD MANAGEMENT CO INC,0
1082917,"GW&K Investment Management, LLC",0
1085393,"BASSWOOD CAPITAL MANAGEMENT, L.L.C.",0
1085550,"SCF Partners, Inc.",0
1085867,BRAVE ASSET MANAGEMENT INC,0
1085936,SYSTEMATIC FINANCIAL MANAGEMENT LP,0
1086318,INTECH INVESTMENT MANAGEMENT LLC,0
1086416,SCOGGIN MANAGEMENT LP,0
1086477,"LONGVIEW ASSET MANAGEMENT, LLC",0
1086483,ZACKS INVESTMENT MANAGEMENT,0
1086619,SCHRODER INVESTMENT MANAGEMENT GROUP,0
1086762,"COBALT CAPITAL MANAGEMENT, INC.",0
1088731,BOURGEON CAPITAL MANAGEMENT LLC,0
1089755,"SOUTHERNSUN ASSET MANAGEMENT, LLC",0
1091923,PENINSULA ASSET MANAGEMENT INC,0
1091961,GOULD ASSET MANAGEMENT LLC /CA/,0
1092838,INTREPID CAPITAL MANAGEMENT INC,0
1093276,"NOTTINGHAM ADVISORS, INC.",0
1093589,ALTA CAPITAL MANAGEMENT LLC/,0
1093908,CHESAPEAKE CAPITAL CORP /IL/,0
1094584,PIN OAK INVESTMENT ADVISORS INC,0
1097218,Nationwide Fund Advisors,0
1097278,ADVENT CAPITAL MANAGEMENT /DE/,0
1097833,OPUS INVESTMENT MANAGEMENT INC,0
1099281,THIRD AVENUE MANAGEMENT LLC,0
1099905,WEBER CAPITAL MANAGEMENT LLC /ADV,0
1102578,EARNEST PARTNERS LLC,0
1103245,SMITHBRIDGE ASSET MANAGEMENT INC/DE,0
1103882,Paloma Partners Management Co,0
1103887,NWI MANAGEMENT LP,0
1104186,MASTERS CAPITAL MANAGEMENT LLC,0
1104329,CROSSLINK CAPITAL INC,0
1104883,SIRIOS CAPITAL MANAGEMENT L P,0
1105087,STADIUM CAPITAL MANAGEMENT LLC,0
1105467,SAWGRASS ASSET MANAGEMENT LLC,0
1105497,"MSD CAPITAL, L.P.",0
1105863,AUXIER ASSET MANAGEMENT LLC,0
1106129,JENSEN INVESTMENT MANAGEMENT INC,0
1106191,GMT CAPITAL CORP,0
1106500,JOHO CAPITAL LLC,0
1106565,STALEY CAPITAL ADVISERS INC,0
1106832,CASTLEARK MANAGEMENT LLC,0
1107261,"BRIDGEWAY CAPITAL MANAGEMENT, LLC",0
1107310,"EMINENCE CAPITAL, LP",0
1108831,STONERIDGE INVESTMENT PARTNERS LLC,0
1108969,"CHATHAM CAPITAL GROUP, INC.",0
